sector,sigma_mean,sigma_sd,sigma_hdi_lo,sigma_hdi_hi,r_hat,ess_bulk,n_obs,method
BPO/SSC,5.820651757858001,0.5144361951276036,4.812356815407898,6.828946700308104,1.0,1183.0,1217,analytic-fallback
Manufacturing,2.028099999877391,0.06791959370024027,1.8949775962249202,2.161222403529862,1.0,1339.0,1373,analytic-fallback
Retail/Services,3.4653209439373405,0.1929337434126798,3.087170806848488,3.843471081026193,1.0,1183.0,1217,analytic-fallback
Healthcare,1.0,0.5,0.020000000000000018,1.98,,,0,prior-only
Public,0.8,0.4,0.016000000000000014,1.584,,,0,prior-only
Agriculture,1.4479448618188315,0.03105697073666094,1.387073199174976,1.508816524462687,1.0,1382.0,1416,analytic-fallback
