sector,sigma_calibrated,sigma_gmm_oecd,se_gmm_oecd,ci_lo_gmm_oecd,ci_hi_gmm_oecd,sigma_bayes_oecd,sd_bayes_oecd,hdi_lo_bayes_oecd,hdi_hi_bayes_oecd,ratio_gmm,ratio_bayes,source,sigma_recommended
BPO/SSC,50.0,8.973624203791964,2.8436770417862647,3.4000172018908854,14.54723120569304,5.820651757858001,0.5144361951276036,4.812356815407898,6.828946700308104,0.17947248407583927,0.11641303515716002,data,5.820651757858001
Manufacturing,10.0,4.880999021020492,1.2661736594960211,2.3992986484082905,7.362699393632694,2.028099999877391,0.0679195937002402,1.89497759622492,2.161222403529862,0.48809990210204923,0.20280999998773913,data,2.028099999877391
Retail/Services,5.0,4.946762432485892,3.040112632067562,-1.0118583263665295,10.905383191338313,3.4653209439373405,0.1929337434126798,3.087170806848488,3.843471081026193,0.9893524864971784,0.6930641887874681,data,3.4653209439373405
Healthcare,2.0,1.0,0.5,0.02,1.98,1.0,0.5,0.02,1.98,0.5,0.5,prior-only,1.0
Public,1.0,0.8,0.4,0.016,1.584,0.8,0.4,0.016,1.584,0.8,0.8,prior-only,0.8
Agriculture,3.0,1.4448422772455982,0.0666621185310465,1.3141845249247468,1.5755000295664496,1.4479448618188315,0.0310569707366609,1.387073199174976,1.508816524462687,0.4816140924151994,0.48264828727294384,data,1.4479448618188315
