Sector,N_obs,Countries,Years,Y_mean,L_mean,w_mean,Y_L_mean,K_robot_mean,K_ict_mean,K_L_mean
BPO/SSC,1453,34,1970-2024,2931204.3271493106,923.1704699245819,1278.8446415164597,2682.311883843245,,,
Manufacturing,1566,34,1970-2024,10657266.466648795,2412.4233533049414,1127.688761709085,2482.5237943884886,,,
Retail/Services,1453,34,1970-2024,17255924.549198084,4945.23738689809,821.4986922215144,1944.1912575407239,,,
Healthcare,1389,34,1970-2024,2143328.202037167,1378.3447151666567,1072.8912348933338,1545.8289091558872,,,
Public,1389,34,1970-2024,4579198.496784444,2108.5451367653127,1401.8860532505757,1980.2593868361619,,,
Agriculture,1590,34,1970-2024,955386.5727612955,805.4202322336162,256.135282726735,872.5743721948074,,,
