sector,sigma,se,ci_lo,ci_hi,beta,j_stat,j_pval,ar2_stat,ar2_pval,n_obs,n_countries,method
BPO/SSC,8.973624203791964,2.8436770417862647,3.4000172018908854,14.547231205693041,0.8885623046731295,,,,,1098,34,fd-ols
Manufacturing,4.880999021020492,1.2661736594960211,2.3992986484082905,7.362699393632694,0.7951239089183579,,,,,1253,34,fd-ols
Retail/Services,4.946762432485892,3.040112632067562,-1.0118583263665295,10.905383191338313,0.7978475793717325,,,,,1098,34,fd-ols
Healthcare,1.0,0.5,0.020000000000000018,1.98,0.0,,,,,0,0,prior-only
Public,0.8,0.4,0.016000000000000014,1.584,-0.25,,,,,0,0,prior-only
Agriculture,1.4448422772455982,0.06666211853104659,1.3141845249247468,1.5755000295664496,0.30788293244964526,,,,,1307,34,fd-ols
